product_id,warehouse_id,sale_date,quantity,day_of_week,day_of_month,month,lag_1,lag_7,rolling_mean_7,rolling_mean_14,rolling_std_7,trend
1,1,2026-06-18,16,3,18,6,16.0,12.0,13.714285714285714,13.857142857142858,2.429971585175823,14
1,1,2026-06-19,17,4,19,6,16.0,15.0,14.285714285714286,13.928571428571429,2.429971585175823,15
1,1,2026-06-20,11,5,20,6,17.0,14.0,14.571428571428571,14.214285714285714,2.6367367999823093,16
1,1,2026-06-21,12,6,21,6,11.0,9.0,14.142857142857142,14.142857142857142,2.9680841985233184,17
1,1,2026-06-22,13,0,22,6,12.0,15.0,14.571428571428571,14.142857142857142,2.2253945610567465,18
1,1,2026-06-23,17,1,23,6,13.0,15.0,14.285714285714286,14.0,2.2886885410853166,19
1,1,2026-06-24,14,2,24,6,17.0,16.0,14.571428571428571,14.214285714285714,2.5071326821120343,20
1,1,2026-06-25,16,3,25,6,14.0,16.0,14.285714285714286,14.0,2.429971585175823,21
1,1,2026-06-26,14,4,26,6,16.0,17.0,14.285714285714286,14.285714285714286,2.429971585175823,22
1,1,2026-06-27,10,5,27,6,14.0,11.0,13.857142857142858,14.214285714285714,2.1157009420498154,23
1,1,2026-06-28,12,6,28,6,10.0,12.0,13.714285714285714,13.928571428571429,2.3603873774083297,24
1,1,2026-06-29,16,0,29,6,12.0,13.0,13.714285714285714,14.142857142857142,2.3603873774083297,25
1,1,2026-06-30,17,1,30,6,16.0,17.0,14.142857142857142,14.214285714285714,2.4784787961282104,26
1,1,2026-07-01,14,2,1,7,17.0,14.0,14.142857142857142,14.357142857142858,2.4784787961282104,27
1,1,2026-07-02,17,3,2,7,14.0,16.0,14.142857142857142,14.214285714285714,2.4784787961282104,28
1,1,2026-07-03,18,4,3,7,17.0,14.0,14.285714285714286,14.285714285714286,2.6276913640612176,29
1,1,2026-07-04,14,5,4,7,18.0,10.0,14.857142857142858,14.357142857142858,2.9680841985233175,30
1,1,2026-07-05,12,6,5,7,14.0,12.0,15.428571428571429,14.571428571428571,2.149196970742238,31
1,1,2026-07-06,16,0,6,7,12.0,16.0,15.428571428571429,14.571428571428571,2.149196970742238,32
1,1,2026-07-07,14,1,7,7,16.0,17.0,15.428571428571429,14.785714285714286,2.149196970742238,33
1,1,2026-07-08,14,2,8,7,14.0,14.0,15.0,14.571428571428571,2.081665999466132,34
1,1,2026-07-09,17,3,9,7,14.0,17.0,15.0,14.571428571428571,2.081665999466132,35
1,1,2026-07-10,13,4,10,7,17.0,18.0,15.0,14.642857142857142,2.081665999466132,36
1,1,2026-07-11,13,5,11,7,13.0,14.0,14.285714285714286,14.571428571428571,1.7043362064926943,37
1,1,2026-07-12,11,6,12,7,13.0,12.0,14.142857142857142,14.785714285714286,1.7728105208558376,38
1,1,2026-07-13,19,0,13,7,11.0,16.0,14.0,14.714285714285714,2.000000000000001,39
1,1,2026-07-14,17,1,14,7,19.0,14.0,14.428571428571429,14.928571428571429,2.6992062325273127,40
1,1,2026-07-15,16,2,15,7,17.0,14.0,14.857142857142858,14.928571428571429,2.853569193634026,41
1,1,2026-07-16,17,3,16,7,16.0,17.0,15.142857142857142,15.071428571428571,2.853569193634026,42
1,1,2026-07-17,16,4,17,7,17.0,13.0,15.142857142857142,15.071428571428571,2.853569193634026,43
1,1,2026-07-18,14,5,18,7,16.0,13.0,15.571428571428571,14.928571428571429,2.6992062325273127,44
1,1,2026-07-19,15,6,19,7,14.0,11.0,15.714285714285714,14.928571428571429,2.5634797778466236,45
1,1,2026-07-20,17,0,20,7,15.0,19.0,16.285714285714285,15.142857142857142,1.6035674514745473,46
1,1,2026-07-21,18,1,21,7,17.0,17.0,16.0,15.214285714285714,1.1547005383792526,47
1,1,2026-07-22,13,2,22,7,18.0,16.0,16.142857142857142,15.5,1.3451854182690994,48
1,1,2026-07-23,16,3,23,7,13.0,17.0,15.714285714285714,15.428571428571429,1.799470821684875,49
1,1,2026-07-24,13,4,24,7,16.0,16.0,15.571428571428571,15.357142857142858,1.7182493859684491,50
1,1,2026-07-25,14,5,25,7,13.0,14.0,15.142857142857142,15.357142857142858,1.9518001458970655,51
1,1,2026-07-26,15,6,26,7,14.0,15.0,15.142857142857142,15.428571428571429,1.9518001458970655,52
1,1,2026-07-27,19,0,27,7,15.0,17.0,15.142857142857142,15.714285714285714,1.9518001458970655,53
1,1,2026-07-28,13,1,28,7,19.0,18.0,15.428571428571429,15.714285714285714,2.370453040886408,54
1,1,2026-07-29,17,2,29,7,13.0,13.0,14.714285714285714,15.428571428571429,2.2146697055682814,55
1,1,2026-07-30,19,3,30,7,17.0,16.0,15.285714285714286,15.5,2.2146697055682822,56
1,1,2026-07-31,19,4,31,7,19.0,13.0,15.714285714285714,15.642857142857142,2.627691364061218,57
1,1,2026-08-01,11,5,1,8,19.0,14.0,16.571428571428573,15.857142857142858,2.572750982712401,58
1,1,2026-08-02,14,6,2,8,11.0,15.0,16.142857142857142,15.642857142857142,3.236694374850748,59
1,1,2026-08-03,19,0,3,8,14.0,19.0,16.0,15.571428571428571,3.3166247903554,60
1,1,2026-08-04,15,1,4,8,19.0,13.0,16.0,15.714285714285714,3.3166247903554,61
1,1,2026-08-05,18,2,5,8,15.0,17.0,16.285714285714285,15.5,3.093772546815388,62
1,1,2026-08-06,15,3,6,8,18.0,19.0,16.428571428571427,15.857142857142858,3.1547394428670263,63
1,1,2026-08-07,18,4,7,8,15.0,19.0,15.857142857142858,15.785714285714286,2.968084198523318,64
1,1,2026-08-08,11,5,8,8,18.0,11.0,15.714285714285714,16.142857142857142,2.811540841738192,65
1,1,2026-08-09,11,6,9,8,11.0,14.0,15.714285714285714,15.928571428571429,2.8115408417381924,66
1,1,2026-08-10,18,0,10,8,11.0,19.0,15.285714285714286,15.642857142857142,3.3022358947782484,67
1,1,2026-08-11,13,1,11,8,18.0,15.0,15.142857142857142,15.571428571428571,3.132015933791494,68
1,1,2026-08-12,17,2,12,8,13.0,18.0,14.857142857142858,15.571428571428571,3.2366943748507473,69
1,1,2026-08-13,19,3,13,8,17.0,15.0,14.714285714285714,15.571428571428571,3.0937725468153867,70
1,1,2026-08-14,14,4,14,8,19.0,18.0,15.285714285714286,15.571428571428571,3.49829890633937,71
1,1,2026-08-15,14,5,15,8,14.0,11.0,14.714285714285714,15.214285714285714,3.302235894778248,72
1,1,2026-08-16,14,6,16,8,14.0,11.0,15.142857142857142,15.428571428571429,2.9113897843110026,73
1,1,2026-08-17,19,0,17,8,14.0,18.0,15.571428571428571,15.428571428571429,2.370453040886406,74
1,1,2026-08-18,13,1,18,8,19.0,13.0,15.714285714285714,15.428571428571429,2.5634797778466214,75
1,1,2026-08-19,19,2,19,8,13.0,17.0,15.714285714285714,15.285714285714286,2.5634797778466214,76
1,1,2026-08-20,15,3,20,8,19.0,19.0,16.0,15.357142857142858,2.828427124746189,77
1,1,2026-08-21,14,4,21,8,15.0,14.0,15.428571428571429,15.357142857142858,2.5071326821120326,78
1,1,2026-08-22,16,5,22,8,14.0,14.0,15.428571428571429,15.071428571428571,2.5071326821120326,79
1,1,2026-08-23,14,6,23,8,16.0,14.0,15.714285714285714,15.428571428571429,2.4299715851758212,80
1,1,2026-08-24,17,0,24,8,14.0,19.0,15.714285714285714,15.642857142857142,2.4299715851758212,81
1,1,2026-08-25,17,1,25,8,17.0,13.0,15.428571428571429,15.571428571428571,2.0701966780270595,82
1,1,2026-08-26,13,2,26,8,17.0,19.0,16.0,15.857142857142858,1.825741858350552,83
1,1,2026-08-27,17,3,27,8,13.0,15.0,15.142857142857142,15.571428571428571,1.5735915849388806,84
1,1,2026-08-28,19,4,28,8,17.0,14.0,15.428571428571429,15.428571428571429,1.7182493859684451,85
1,1,2026-08-29,11,5,29,8,19.0,16.0,16.142857142857142,15.785714285714286,2.035400978396428,86
1,1,2026-08-30,14,6,30,8,11.0,14.0,15.428571428571429,15.571428571428571,2.8199966227605553,87
1,1,2026-08-31,16,0,31,8,14.0,17.0,15.428571428571429,15.571428571428571,2.8199966227605553,88
1,1,2026-09-01,19,1,1,9,16.0,17.0,15.285714285714286,15.357142857142858,2.7516228977511714,89
2,1,2026-06-18,29,3,18,6,29.0,29.0,26.142857142857142,27.214285714285715,3.5321651258386106,14
2,1,2026-06-19,27,4,19,6,29.0,26.0,26.142857142857142,27.357142857142858,3.5321651258386106,15
2,1,2026-06-20,29,5,20,6,27.0,22.0,26.285714285714285,27.214285714285715,3.5456210417116747,16
2,1,2026-06-21,26,6,21,6,29.0,21.0,27.285714285714285,27.714285714285715,3.0937725468153885,17
2,1,2026-06-22,32,0,22,6,26.0,30.0,28.0,28.142857142857142,1.6329931618554518,18
2,1,2026-06-23,33,1,23,6,32.0,26.0,28.285714285714285,28.071428571428573,2.1380899352993943,19
2,1,2026-06-24,33,2,24,6,33.0,29.0,29.285714285714285,28.214285714285715,2.497617912751113,20
2,1,2026-06-25,25,3,25,6,33.0,29.0,29.857142857142858,28.0,2.8535691936340233,21
2,1,2026-06-26,32,4,26,6,25.0,27.0,29.285714285714285,27.714285714285715,3.4016802570830427,22
2,1,2026-06-27,23,5,27,6,32.0,29.0,30.0,28.142857142857142,3.3665016461206907,23
2,1,2026-06-28,23,6,28,6,23.0,26.0,29.142857142857142,28.214285714285715,4.298393941484478,24
2,1,2026-06-29,26,0,29,6,23.0,32.0,28.714285714285715,28.357142857142858,4.785891965429421,25
2,1,2026-06-30,33,1,30,6,26.0,33.0,27.857142857142858,28.071428571428573,4.634241089562611,26
2,1,2026-07-01,36,2,1,7,33.0,33.0,27.857142857142858,28.571428571428573,4.634241089562611,27
2,1,2026-07-02,35,3,2,7,36.0,25.0,28.285714285714285,29.071428571428573,5.2824958026260544,28
2,1,2026-07-03,32,4,3,7,35.0,32.0,29.714285714285715,29.5,5.589105048046174,29
2,1,2026-07-04,27,5,4,7,32.0,23.0,29.714285714285715,29.857142857142858,5.589105048046174,30
2,1,2026-07-05,26,6,5,7,27.0,23.0,30.285714285714285,29.714285714285715,4.956957592256421,31
2,1,2026-07-06,29,0,6,7,26.0,26.0,30.714285714285715,29.714285714285715,4.3094580368566735,32
2,1,2026-07-07,35,1,7,7,29.0,33.0,31.142857142857142,29.5,3.8913824205360683,33
2,1,2026-07-08,31,2,8,7,35.0,36.0,31.428571428571427,29.642857142857142,4.117326918327104,34
2,1,2026-07-09,26,3,9,7,31.0,35.0,30.714285714285715,29.5,3.592319850008056,35
2,1,2026-07-10,30,4,10,7,26.0,32.0,29.428571428571427,29.571428571428573,3.4086724129853825,36
2,1,2026-07-11,30,5,11,7,30.0,27.0,29.142857142857142,29.428571428571427,3.236694374850743,37
2,1,2026-07-12,21,6,12,7,30.0,26.0,29.571428571428573,29.928571428571427,3.1014589500826206,38
2,1,2026-07-13,28,0,13,7,21.0,29.0,28.857142857142858,29.785714285714285,4.375255094603869,39
2,1,2026-07-14,29,1,14,7,28.0,35.0,28.714285714285715,29.928571428571427,4.3861253103502635,40
2,1,2026-07-15,37,2,15,7,29.0,31.0,27.857142857142858,29.642857142857142,3.4364987719368902,41
2,1,2026-07-16,29,3,16,7,37.0,26.0,28.714285714285715,29.714285714285715,4.820590756130954,42
2,1,2026-07-17,35,4,17,7,29.0,30.0,29.142857142857142,29.285714285714285,4.67006678855065,43
2,1,2026-07-18,22,5,18,7,35.0,30.0,29.857142857142858,29.5,5.177791402666178,44
2,1,2026-07-19,25,6,19,7,22.0,21.0,28.714285714285715,29.142857142857142,5.964178784328026,45
2,1,2026-07-20,33,0,20,7,25.0,28.0,29.285714285714285,29.071428571428573,5.250850271282599,46
2,1,2026-07-21,28,1,21,7,33.0,29.0,30.0,29.357142857142858,5.385164807134502,47
2,1,2026-07-22,35,2,22,7,28.0,37.0,29.857142857142858,28.857142857142858,5.429197958832451,48
2,1,2026-07-23,27,3,23,7,35.0,29.0,29.571428571428573,29.142857142857142,5.028490259085152,49
2,1,2026-07-24,30,4,24,7,27.0,35.0,29.285714285714285,29.214285714285715,5.122313465427043,50
2,1,2026-07-25,21,5,25,7,30.0,22.0,28.571428571428573,29.214285714285715,4.503966505838408,51
2,1,2026-07-26,25,6,26,7,21.0,25.0,28.428571428571427,28.571428571428573,4.755948656056704,52
2,1,2026-07-27,28,0,27,7,25.0,33.0,28.428571428571427,28.857142857142858,4.755948656056704,53
2,1,2026-07-28,36,1,28,7,28.0,28.0,27.714285714285715,28.857142857142858,4.309458036856666,54
2,1,2026-07-29,27,2,29,7,36.0,35.0,28.857142857142858,29.357142857142858,5.336308693862306,55
2,1,2026-07-30,36,3,30,7,27.0,27.0,27.714285714285715,28.642857142857142,4.60848079502293,56
2,1,2026-07-31,31,4,31,7,36.0,30.0,29.0,29.142857142857142,5.53774924194538,57
2,1,2026-08-01,31,5,1,8,31.0,21.0,29.142857142857142,28.857142857142858,5.5805785670356,58
2,1,2026-08-02,21,6,2,8,31.0,25.0,30.571428571428573,29.5,4.276179870598789,59
2,1,2026-08-03,35,0,3,8,21.0,28.0,30.0,29.214285714285715,5.291502622129179,60
2,1,2026-08-04,27,1,4,8,35.0,36.0,31.0,29.357142857142858,5.507570547286101,61
2,1,2026-08-05,27,2,5,8,27.0,27.0,29.714285714285715,29.285714285714285,5.186980037050642,62
2,1,2026-08-06,34,3,6,8,27.0,36.0,29.714285714285715,28.714285714285715,5.186980037050642,63
2,1,2026-08-07,29,4,7,8,34.0,31.0,29.428571428571427,29.214285714285715,4.825527358301293,64
2,1,2026-08-08,30,5,8,8,29.0,31.0,29.142857142857142,29.142857142857142,4.775931721614513,65
2,1,2026-08-09,26,6,9,8,30.0,21.0,29.0,29.785714285714285,4.725815626252603,66
2,1,2026-08-10,34,0,10,8,26.0,35.0,29.714285714285715,29.857142857142858,3.545621041711669,67
2,1,2026-08-11,31,1,11,8,34.0,27.0,29.571428571428573,30.285714285714285,3.3094381626464813,68
2,1,2026-08-12,38,2,12,8,31.0,27.0,30.142857142857142,29.928571428571427,3.132015933791491,69
2,1,2026-08-13,31,3,13,8,38.0,34.0,31.714285714285715,30.714285714285715,3.9460649476951812,70
2,1,2026-08-14,33,4,14,8,31.0,29.0,31.285714285714285,30.357142857142858,3.81725406168211,71
2,1,2026-08-15,28,5,15,8,33.0,30.0,31.857142857142858,30.5,3.7161167647860336,72
2,1,2026-08-16,26,6,16,8,28.0,26.0,31.571428571428573,30.285714285714285,3.952094080237415,73
2,1,2026-08-17,36,0,17,8,26.0,34.0,31.571428571428573,30.642857142857142,3.9520940802374143,74
2,1,2026-08-18,33,1,18,8,36.0,31.0,31.857142857142858,30.714285714285715,4.220133150686578,75
2,1,2026-08-19,35,2,19,8,33.0,38.0,32.142857142857146,31.142857142857142,4.2201331506865785,76
2,1,2026-08-20,27,3,20,8,35.0,31.0,31.714285714285715,31.714285714285715,3.6384193323605842,77
2,1,2026-08-21,36,4,21,8,27.0,33.0,31.142857142857142,31.214285714285715,4.059087394500205,78
2,1,2026-08-22,31,5,22,8,36.0,28.0,31.571428571428573,31.714285714285715,4.429339411136565,79
2,1,2026-08-23,30,6,23,8,31.0,26.0,32.0,31.785714285714285,4.163331998932266,80
2,1,2026-08-24,32,0,24,8,30.0,36.0,32.57142857142857,32.07142857142857,3.4086724129853887,81
2,1,2026-08-25,29,1,25,8,32.0,33.0,32.0,31.928571428571427,3.0550504633038935,82
2,1,2026-08-26,30,2,26,8,29.0,35.0,31.428571428571427,31.785714285714285,3.207134902949091,83
2,1,2026-08-27,29,3,27,8,30.0,27.0,30.714285714285715,31.214285714285715,2.811540841738188,84
2,1,2026-08-28,33,4,28,8,29.0,36.0,31.0,31.071428571428573,2.449489742783174,85
2,1,2026-08-29,32,5,29,8,33.0,31.0,30.571428571428573,31.071428571428573,1.5118578920368984,86
2,1,2026-08-30,29,6,30,8,32.0,30.0,30.714285714285715,31.357142857142858,1.6035674514745377,87
2,1,2026-08-31,29,0,31,8,29.0,32.0,30.571428571428573,31.571428571428573,1.7182493859684398,88
2,1,2026-09-01,31,1,1,9,29.0,29.0,30.142857142857142,31.071428571428573,1.6761634196950381,89
3,1,2026-06-18,28,3,18,6,22.0,23.0,22.714285714285715,22.5,4.535573676110727,14
3,1,2026-06-19,20,4,19,6,28.0,30.0,23.428571428571427,23.0,4.961758520831865,15
3,1,2026-06-20,20,5,20,6,20.0,19.0,22.0,22.5,4.1231056256176615,16
3,1,2026-06-21,20,6,21,6,20.0,16.0,22.142857142857142,22.285714285714285,4.017817460121496,17
3,1,2026-06-22,22,0,22,6,20.0,26.0,22.714285714285715,22.357142857142858,3.199702367110923,18
3,1,2026-06-23,29,1,23,6,22.0,23.0,22.142857142857142,22.071428571428573,2.853569193634027,19
3,1,2026-06-24,26,2,24,6,29.0,22.0,23.0,22.714285714285715,3.872983346207417,20
3,1,2026-06-25,24,3,25,6,26.0,28.0,23.571428571428573,23.142857142857142,3.9940431835899006,21
3,1,2026-06-26,21,4,26,6,24.0,20.0,23.0,23.214285714285715,3.511884584284247,22
3,1,2026-06-27,23,5,27,6,21.0,20.0,23.142857142857142,22.571428571428573,3.387652649872841,23
3,1,2026-06-28,19,6,28,6,23.0,20.0,23.571428571428573,22.857142857142858,3.101458950082625,24
3,1,2026-06-29,28,0,29,6,19.0,22.0,23.428571428571427,23.071428571428573,3.3094381626464866,25
3,1,2026-06-30,22,1,30,6,28.0,29.0,24.285714285714285,23.214285714285715,3.6384193323605833,26
3,1,2026-07-01,27,2,1,7,22.0,26.0,23.285714285714285,23.142857142857142,3.039423504234847,27
3,1,2026-07-02,28,3,2,7,27.0,24.0,23.428571428571427,23.5,3.2071349029490923,28
3,1,2026-07-03,29,4,3,7,28.0,21.0,24.0,23.5,3.6514837167011067,29
3,1,2026-07-04,16,5,4,7,29.0,23.0,25.142857142857142,24.142857142857142,3.8047589248453657,30
3,1,2026-07-05,24,6,5,7,16.0,19.0,24.142857142857142,23.857142857142858,5.145501965424799,31
3,1,2026-07-06,23,0,6,7,24.0,28.0,24.857142857142858,24.142857142857142,4.634241089562612,32
3,1,2026-07-07,29,1,7,7,23.0,22.0,24.142857142857142,24.214285714285715,4.450789122113494,33
3,1,2026-07-08,29,2,8,7,29.0,27.0,25.142857142857142,24.214285714285715,4.670066788550651,34
3,1,2026-07-09,26,3,9,7,29.0,28.0,25.428571428571427,24.428571428571427,4.859943170351644,35
3,1,2026-07-10,28,4,10,7,26.0,29.0,25.142857142857142,24.571428571428573,4.740906081772814,36
3,1,2026-07-11,20,5,11,7,28.0,16.0,25.0,25.071428571428573,4.618802153517004,37
3,1,2026-07-12,18,6,12,7,20.0,24.0,25.571428571428573,24.857142857142858,3.4086724129853816,38
3,1,2026-07-13,30,0,13,7,18.0,23.0,24.714285714285715,24.785714285714285,4.461475305855888,39
3,1,2026-07-14,30,1,14,7,30.0,29.0,25.714285714285715,24.928571428571427,4.7858919654294185,40
3,1,2026-07-15,25,2,15,7,30.0,29.0,25.857142857142858,25.5,4.913538149119949,41
3,1,2026-07-16,29,3,16,7,25.0,26.0,25.285714285714285,25.357142857142858,4.715728494951254,42
3,1,2026-07-17,25,4,17,7,29.0,28.0,25.714285714285715,25.428571428571427,4.923220007078213,43
3,1,2026-07-18,20,5,18,7,25.0,20.0,25.285714285714285,25.142857142857142,4.820590756130955,44
3,1,2026-07-19,17,6,19,7,20.0,18.0,25.285714285714285,25.428571428571427,4.820590756130955,45
3,1,2026-07-20,28,0,20,7,17.0,30.0,25.142857142857142,24.928571428571427,5.080307452263473,46
3,1,2026-07-21,28,1,21,7,28.0,30.0,24.857142857142858,25.285714285714285,4.810702354423637,47
3,1,2026-07-22,31,2,22,7,28.0,25.0,24.571428571428573,25.214285714285715,4.503966505838412,48
3,1,2026-07-23,28,3,23,7,31.0,29.0,25.428571428571427,25.357142857142858,5.126959555693243,49
3,1,2026-07-24,28,4,24,7,28.0,25.0,25.285714285714285,25.5,5.023753102820162,50
3,1,2026-07-25,21,5,25,7,28.0,20.0,25.714285714285715,25.5,5.122313465427042,51
3,1,2026-07-26,26,6,26,7,21.0,17.0,25.857142857142858,25.571428571428573,4.947341758580099,52
3,1,2026-07-27,27,0,27,7,26.0,28.0,27.142857142857142,26.142857142857142,3.078342163598839,53
3,1,2026-07-28,31,1,28,7,27.0,28.0,27.0,25.928571428571427,3.0550504633038784,54
3,1,2026-07-29,29,2,29,7,31.0,31.0,27.428571428571427,26.0,3.4086724129853714,55
3,1,2026-07-30,29,3,30,7,29.0,28.0,27.142857142857142,26.285714285714285,3.13201593379148,56
3,1,2026-07-31,26,4,31,7,29.0,28.0,27.285714285714285,26.285714285714285,3.199702367110907,57
3,1,2026-08-01,20,5,1,8,26.0,21.0,27.0,26.357142857142858,3.2145502536643047,58
3,1,2026-08-02,25,6,2,8,20.0,26.0,26.857142857142858,26.357142857142858,3.532165125838597,59
3,1,2026-08-03,28,0,3,8,25.0,27.0,26.714285714285715,26.928571428571427,3.592319850008045,60
3,1,2026-08-04,28,1,4,8,28.0,31.0,26.857142857142858,26.928571428571427,3.625307868699851,61
3,1,2026-08-05,32,2,5,8,28.0,29.0,26.428571428571427,26.928571428571427,3.207134902949081,62
3,1,2026-08-06,27,3,6,8,32.0,29.0,26.857142857142858,27.0,3.7606990231680406,63
3,1,2026-08-07,30,4,7,8,27.0,26.0,26.571428571428573,26.928571428571427,3.6449573777637245,64
3,1,2026-08-08,22,5,8,8,30.0,20.0,27.142857142857142,27.071428571428573,3.8483144114694827,65
3,1,2026-08-09,20,6,9,8,22.0,25.0,27.428571428571427,27.142857142857142,3.2586880211286733,66
3,1,2026-08-10,31,0,10,8,20.0,28.0,26.714285714285715,26.714285714285715,4.270608298368648,67
3,1,2026-08-11,30,1,11,8,31.0,28.0,27.142857142857142,27.0,4.561745697594695,68
3,1,2026-08-12,25,2,12,8,30.0,32.0,27.428571428571427,26.928571428571427,4.685336802448768,69
3,1,2026-08-13,31,3,13,8,25.0,27.0,26.428571428571427,26.642857142857142,4.276179870598783,70
3,1,2026-08-14,25,4,14,8,31.0,30.0,27.0,26.785714285714285,4.618802153516996,71
3,1,2026-08-15,20,5,15,8,25.0,22.0,26.285714285714285,26.714285714285715,4.461475305855884,72
3,1,2026-08-16,23,6,16,8,20.0,20.0,26.0,26.714285714285715,4.830458915396476,73
3,1,2026-08-17,32,0,17,8,23.0,31.0,26.428571428571427,26.571428571428573,4.314979445958875,74
3,1,2026-08-18,25,1,18,8,32.0,30.0,26.571428571428573,26.857142857142858,4.503966505838406,75
3,1,2026-08-19,26,2,19,8,25.0,25.0,25.857142857142858,26.642857142857142,4.25944329025016,76
3,1,2026-08-20,25,3,20,8,26.0,31.0,26.0,26.214285714285715,4.24264068711928,77
3,1,2026-08-21,30,4,21,8,25.0,25.0,25.142857142857142,26.071428571428573,3.6253078686998617,78
3,1,2026-08-22,20,5,22,8,30.0,20.0,25.857142857142858,26.071428571428573,4.059087394500202,79
3,1,2026-08-23,20,6,23,8,20.0,23.0,25.857142857142858,25.928571428571427,4.059087394500202,80
3,1,2026-08-24,27,0,24,8,20.0,32.0,25.428571428571427,25.928571428571427,4.540820148282422,81
3,1,2026-08-25,34,1,25,8,27.0,25.0,24.714285714285715,25.642857142857142,3.638419332360584,82
3,1,2026-08-26,27,2,26,8,34.0,26.0,26.0,25.928571428571427,5.066228051190215,83
3,1,2026-08-27,25,3,27,8,27.0,25.0,26.142857142857142,26.071428571428573,5.08030745226347,84
3,1,2026-08-28,32,4,28,8,25.0,30.0,26.142857142857142,25.642857142857142,5.08030745226347,85
3,1,2026-08-29,26,5,29,8,32.0,20.0,26.428571428571427,26.142857142857142,5.380741673076387,86
3,1,2026-08-30,22,6,30,8,26.0,20.0,27.285714285714285,26.571428571428573,4.608480795022924,87
3,1,2026-08-31,27,0,31,8,22.0,27.0,27.571428571428573,26.5,4.1173269183270875,88
3,1,2026-09-01,25,1,1,9,27.0,34.0,27.571428571428573,26.142857142857142,4.1173269183270875,89
